service_request_type,section,total_requests,requestswiinter,% Intersections,Description,Tip,Link,Timeline
Zoning Regulations Violations,Investigation Services,62273,444,0.71,"Report a property suspected of being used in violation of City zoning bylaws, such as illegal commercial use in a residential zone.",Provide as much detail as possible about the suspected violation to support the investigation.,https://www.toronto.ca/home/311-toronto-at-your-service/find-service-information/article/?kb=kA06g000001cvXuCAI&searchTerm=zoning,Initial Response: within ~10 days (investigation initiation)
Wrong Location / Time / Day,Waste Enforcement,21074,110,0.52,"Report a container placed out for collection at the wrong location, on the wrong day, or outside the scheduled window.","The complainant's name and phone number are required, location where the garbage can be found and the type of complaint, e.g., waste put out on the wrong day, dumping, etc.

The officer may contact the complainant if additional information is needed.",https://www.toronto.ca/home/311-toronto-at-your-service/find-service-information/article/?kb=kA06g000001cvWECAY&searchTerm=wrong%20location,Timeline Not Specified
Watermain-Possible Break,District Ops,31929,3760,11.78,"Report a suspected watermain break, such as water bubbling up through pavement, large puddles forming in dry conditions, or a noticeable loss of water pressure.","If water is flooding a road or property, call 311 directly rather than filing online to expedite the response.",https://www.toronto.ca/home/311-toronto-at-your-service/find-service-information/article/?kb=kA06g000001cw7MCAQ&searchTerm=watermain,"Initial Response: ~2 hours
Repair / Action: ~16 hours depending on severity
Restoration / Completion: up to 24 months (in case of watermain repair)"
Water Service Line-Turn Off/Burst,District Ops,17332,23,0.13,Report an emergency water service line burst or a line that needs to be immediately shut off due to a plumbing failure.,"If water is flooding your property, turn off your interior shutoff valve immediately and call 311 directly.",https://www.toronto.ca/city-government/accountability-operations-customer-service/city-administration/staff-directory-divisions-and-customer-service/toronto-water/toronto-water-customer-service-standards/,"Initial Response: ~2 hours
Repair / Action: depends on ownership (City vs private)"
Water Service Line-No Water,District Ops,27690,31,0.11,Report a complete loss of water service at your property when there is no known planned shutoff or watermain work in your area.,Check if neighbours are also affected as a watermain issue may already be under investigation.,https://www.toronto.ca/home/311-toronto-at-your-service/find-service-information/article/?kb=kA06g000001cwXDCAY&searchTerm=water%20service%20line,Initial Response: ~4 hours
Water Service Line-Leaking,District Ops,22460,737,3.28,Report a leak on the water service line connecting the City watermain to your property.,Turn off your interior water shutoff valve if the leak is significant to minimize damage while you wait.,https://www.toronto.ca/city-government/accountability-operations-customer-service/city-administration/staff-directory-divisions-and-customer-service/toronto-water/toronto-water-customer-service-standards/,"Initial Response: ~4 hours
Repair / Action: 5 business days (standard) or ~24 hours (emergency)
Restoration / Completion: up to 24 months (in case of service line repair)"
Water Service Line-Check Water Service Box,District Ops,29745,102,0.34,Request for Toronto Water to check or repair a water service box on the sidewalk or front lawn. Note: A water service box is a round brown valve on the sidewalk or front lawn. Service boxes give the City access to shut off water to your home,"This is a maintenance check. If you have no water or a suspected leak, use the appropriate service request instead.",https://www.toronto.ca/home/311-toronto-at-your-service/find-service-information/article/?kb=kA06g000001cvZiCAI&searchTerm=water%20service%20line,Timeline Not Specified
Waste Or Illegal Dumping On Private Property,Investigation Services,60634,447,0.74,"Report a concern about the accumulation of waste, litter, standing water or witnessed illegal dumping on private property (e.g. derelict vehicles, accumulation of refuse, stagnant water in unused pools).",Provide the property address and describe the waste type to help bylaw officers assess the violation.,https://www.toronto.ca/home/311-toronto-at-your-service/find-service-information/article/?kb=kA06g000001cvXrCAI&searchTerm=illegal%20dumping%20on%20private%20property,"Initial Response: within ~10 days (investigation initiation)
Repair / Action: enforcement and cleanup order"
Walkway Damaged Or Uneven,Road Operations,5986,1132,18.91,"Report a damaged, cracked, heaved, or uneven sidewalk, walkway, or sidewalk bay that poses a tripping hazard. City inspectors monitor sidewalk conditions during road inspections and track sections in need of repair — priority is given to the bays in greatest need.","Report minor damage online; for serious hazards such as a large raised slab, note whether it is a tripping risk so staff can prioritize it accordingly.",https://www.toronto.ca/services-payments/streets-parking-transportation/road-maintenance/road-sidewalk-repair/,Timeline Not Specified
Unreasonable And Persistent Noise,Bylaw Enforcement,9480,699,7.37,"Report noise or sound-induced vibration that is unreasonable and persistent — such as continuous building alarms, equipment noise, or neighbours dropping heavy objects at unreasonable hours. This covers any noise heard or felt for 10 minutes or more, or intermittently heard or felt for a total of 10 minutes within one hour. Typical household sounds are exempt","Keep a log of dates, times, and duration of each noise occurrence — bylaw officers may ask for this record to support an investigation or court proceeding.",https://www.toronto.ca/home/311-toronto-at-your-service/find-service-information/article/?kb=kA06g000001cvWkCAI&searchTerm=unreasonable%20noise,"Initial Response: ~24 hours (priority-based)
Repair / Action: investigation and enforcement"
Unauthorized Tree Injury Or Removal,Climate & Forestry,16599,301,1.81,"Report a City-owned tree that has been illegally cut, removed, or damaged without a permit. Examples include cutting down a protected tree or dumping construction fill in a Ravine Protection Area without a permit.","Provide Incident address, estimated number of trees involved, location, date, time, vehicle plate number and name. Contact  311 within 6 months of violation",https://www.toronto.ca/home/311-toronto-at-your-service/find-service-information/article/?kb=kA06g000001cvXSCAY&searchTerm=unauthorized%20tree%20injury,"Initial Response: 72 hours to 21 days depending on priority
Repair / Action: investigation and enforcement
Restoration / Completion: up to 12 months"
Tree Planting,Climate & Forestry,14609,232,1.59,Request the planting of a new City street tree at or near your property as part of the urban forest program.,"Based on timing of request and type of tree, requests can be completed within 12 months",https://www.toronto.ca/city-government/accountability-operations-customer-service/city-administration/staff-directory-divisions-and-customer-service/environment-climate-forestry/environment-climate-forestry-customer-service-standards/,"Initial Response: ~8 weeks (assessment)
Repair / Action: planting scheduled within 12–18 months"
Tree Emergency Clean Up,Climate & Forestry,95136,3491,3.67,Report a fallen or dangerously hanging tree or large branch on City property that poses an immediate safety risk.,"If a tree has fallen on a vehicle, power line, or structure, call 911 first before filing this request.",https://www.toronto.ca/city-government/accountability-operations-customer-service/city-administration/staff-directory-divisions-and-customer-service/environment-climate-forestry/environment-climate-forestry-customer-service-standards/,"Initial Response:  ~72 hours depending on severity
Restoration / Completion: may take months"
Traffic Signal Repair,TMC,54153,26389,48.73,"Report a malfunctioning, dark, or damaged traffic signal at an intersection. Use this for flashing lights, blank signals, or signals showing incorrect sequences.","If the signal is completely dark, treat the intersection as a four-way stop until it is repaired.",https://www.toronto.ca/home/311-toronto-at-your-service/find-service-information/article/?kb=kA06g000001cw38CAA&searchTerm=signal%20repair,Timeline Not Specified
Timeliness Of Service Complaint Road Operations,Road Operations,10501,1033,9.84,File a complaint if a Road Operations service request was not completed within the promised timeframe.,Include your original service request number so staff can review the case history.,https://www.toronto.ca/city-government/accountability-operations-customer-service/city-administration/staff-directory-divisions-and-customer-service/transportation-services/transportation-services-complaints-compliments/,Completion: 30 Calendar Days
Street Furniture Request,Road Operations,6811,2680,39.35,"Report a maintenance concern, damage, or graffiti on street furniture (transit shelters, benches, litter bins, info pillars, posting structures, automated toilets, bicycle locking rings, etc.), or request the installation, relocation, or removal of a street furniture element on the public right-of-way.","For installation or relocation requests, emailing the Street Furniture unit directly may result in a faster response than filing through 311.",https://www.toronto.ca/home/311-toronto-at-your-service/find-service-information/article/?kb=kA06g000001cweZCAQ&searchTerm=street%20furniture,Timeline Not Specified
Stray Confined,Toronto Animal Services,12552,274,2.18,"Report a stray animal that is confined or trapped in a yard, vehicle, or structure and cannot get out on its own.",Provide the exact address and describe where the animal is confined to help officers respond quickly.,https://www.toronto.ca/home/311-toronto-at-your-service/find-service-information/article/?kb=kA06g000001cweVCAQ&searchTerm=stray,Initial Response: within ~5 hours subject to call volume
Stray At Large,Toronto Animal Services,14305,2534,17.71,Report a stray dog or cat roaming loose without an owner in a public area.,"Note the animal's breed, colour, and last known location to help officers locate it quickly.",https://www.toronto.ca/home/311-toronto-at-your-service/find-service-information/article/?kb=kA06g000001cweVCAQ&searchTerm=stray,"Initial Response: within ~5 hours subject to call volume
"
Signs,Investigation Services,16563,3325,20.07,"Submit an application or inquiry related to City signage permits, including business signs, banners, or other sign installations.",Ensure your sign meets zoning and size bylaws before applying to avoid delays.,https://www.toronto.ca/services-payments/building-construction/sign-permits-information/expected-timelines-for-sign-applications/,"Repair / Action: review within ~3 months
Restoration / Completion: permit issued within ~3–10 days after approval"
Sidewalk Snow Clearing Required,Road Operations,44829,14216,31.71,Report a City-maintained sidewalk that has not been cleared of snow and is hazardous to pedestrians.,Property owners are responsible for their adjacent sidewalk within 12 hours of snowfall. This service only covers City-maintained sidewalks. Snow accumulation to be more than 2cm.,https://www.toronto.ca/services-payments/streets-parking-transportation/road-maintenance/winter-maintenance/clearing-snow-and-ice-from-your-property/,Initial Response: within ~12–72 hours depending on snowfall and priority routes
Sidewalk Cleaning,Road Operations,17982,4047,22.51,"A sidewalk cleaning service request is a request to remove larger items such as construction debris or items left due to a traffic accident, not litter.",Sidewalk cleaning is scheduled seasonally.,https://www.toronto.ca/home/311-toronto-at-your-service/find-service-information/article/?kb=kA06g000001cweUCAQ&searchTerm=road%20cleaning,"Initial Response: varies based on seasonal schedule
Repair / Action: scheduled in next cleaning cycle"
Sewer Service Line-Blocked,District Ops,96894,54,0.06,Report a blocked or backed-up sewer service line at your property. Use this if you have sewage backup in your basement or drains are not clearing.,Do not use any drains or toilets until the blockage is cleared to prevent further backup.,https://www.toronto.ca/home/311-toronto-at-your-service/find-service-information/article/?kb=kA06g000001cwbdCAA&searchTerm=sewer%20line%20blocked,"Initial Response: ~4 hours
Repair / Action: ~24 hours (may extend during high demand)
Restoration / Completion: up to 24 months (in case of service line repair)"
Road Sinking,Road Operations,27590,4963,17.99,"Road sinking (also referred to as road settlement) occurs when the roadway surface drops, settles, or becomes uneven even though the asphalt surface may remain mostly intact. Visible signs may include ponding of water or depressions on the road surface. ","If the sinking is severe or worsening rapidly, also call 311 directly to flag it as urgent.",https://www.toronto.ca/home/311-toronto-at-your-service/find-service-information/article/?kb=kA06g000001cwZZCAY&searchTerm=road%20sinking,Timeline Not Specified
Road Salting Request,Road Operations,16255,3221,19.82,Request salt application on an icy or slippery City road to improve traction and safety for drivers.,Main roads and transit routes are salted first. Local residential streets may take longer.Multiple rounds might be needed (values provided for one round).,https://www.toronto.ca/services-payments/streets-parking-transportation/road-maintenance/winter-maintenance/levels-of-snow-clearing-service/,Initial Response: 2–8 hours depending on road priority
Road Pothole / Road Damage,Road Operations,169960,41581,24.47,Report a pothole or surface damage on a City road that poses a hazard to vehicles or cyclists. Use this for any road defect that needs repair.,Note the nearest intersection or landmark so the crew can locate the pothole quickly.,https://www.toronto.ca/home/311-toronto-at-your-service/find-service-information/article/?kb=kA06g000001cwSGCAY&searchTerm=potholes,"Initial Response: 24 Hours (in case of Emergency)
Repair / Action: 4–21 days depending on road classification"
Road Plowing Request,Road Operations,38639,10584,27.39,Request snow plowing on a City road that has not been cleared after a snowfall. Use this if your road remains impassable after the standard clearing window.,Main roads and transit routes are plowed first. Local residential streets may take longer.Multiple rounds might be needed (values provided for one round).,https://www.toronto.ca/services-payments/streets-parking-transportation/road-maintenance/winter-maintenance/levels-of-snow-clearing-service/,Initial Response: 2–14 hours depending on road classification
Residential: Recycle Bin: Missing,Collections,44435,7,0.02,Report that your blue recycling bin has gone missing or been stolen from your property.,Check nearby properties first as bins are sometimes moved during collection and left at the wrong address.,https://www.toronto.ca/city-government/accountability-operations-customer-service/city-administration/staff-directory-divisions-and-customer-service/solid-waste-management-services/solid-waste-management-services-customer-service-standards/,Repair / Action: replacement delivered within ~21 days
Residential: Recycle Bin: Exchange To Medium,Collections,15259,0,0,Request a swap of your current recycling bin for a medium-sized bin that better matches your household's recycling volume.,You can only change bin size once per year. Ensure a medium bin suits your recycling habits.,https://www.toronto.ca/city-government/accountability-operations-customer-service/city-administration/staff-directory-divisions-and-customer-service/solid-waste-management-services/solid-waste-management-services-customer-service-standards/,Repair / Action: completed within ~14 days
Residential: Recycle Bin: Exchange To Large,Collections,22835,0,0,Request a swap of your current recycling bin for a larger size to accommodate higher recycling volume.,You can only change bin size once per year. Ensure the larger size is right for your needs.,https://www.toronto.ca/city-government/accountability-operations-customer-service/city-administration/staff-directory-divisions-and-customer-service/solid-waste-management-services/solid-waste-management-services-customer-service-standards/,Repair / Action: completed within ~14 days
Residential: Recycle Bin: Exchange To Extra Large,Collections,45864,1,0,Request a swap of your current blue recycling bin for an extra-large bin to accommodate higher recycling volume.,You can only change bin size once per year. Ensure the extra-large size is appropriate for your needs.,https://www.toronto.ca/city-government/accountability-operations-customer-service/city-administration/staff-directory-divisions-and-customer-service/solid-waste-management-services/solid-waste-management-services-customer-service-standards/,Repair / Action: completed within ~14 days
Residential: Recycle Bin: Additional Extra Large,Collections,25633,10,0.04,Request an additional extra-large blue recycling bin for your household if your current recycling volume exceeds one bin.,Additional bins may be subject to a fee. Check your current waste tier before requesting.,https://www.toronto.ca/city-government/accountability-operations-customer-service/city-administration/staff-directory-divisions-and-customer-service/solid-waste-management-services/solid-waste-management-services-customer-service-standards/,Repair / Action: delivered within ~14 days
Residential: Garbage Bin: Missing,Collections,49594,12,0.02,Report that your City-issued garbage bin has gone missing or been stolen from your property.,Check nearby properties first. Bins are sometimes moved during collection and left at the wrong address.,https://www.toronto.ca/city-government/accountability-operations-customer-service/city-administration/staff-directory-divisions-and-customer-service/solid-waste-management-services/solid-waste-management-services-customer-service-standards/,Repair / Action: replacement delivered within ~21 days
Residential: Garbage Bin: Exchange To Small,Collections,47243,0,0,Request a swap of your current garbage bin for a smaller-sized bin that better suits your household's waste output.,A smaller bin means lower waste fees. Confirm the size is sufficient before requesting the change.,https://www.toronto.ca/city-government/accountability-operations-customer-service/city-administration/staff-directory-divisions-and-customer-service/solid-waste-management-services/solid-waste-management-services-customer-service-standards/,Repair / Action: completed within ~14 days
Residential: Garbage Bin: Exchange To Medium,Collections,59361,0,0,Request a swap of your current garbage bin for a medium-sized bin that better fits your household's waste volume.,You can only change bin size once per year. Make sure the medium size is right before requesting.,https://www.toronto.ca/city-government/accountability-operations-customer-service/city-administration/staff-directory-divisions-and-customer-service/solid-waste-management-services/solid-waste-management-services-customer-service-standards/,Repair / Action: completed within ~14 days
Residential: Garbage Bin: Exchange To Large,Collections,42019,1,0,Request a swap of your current garbage bin for a larger-sized bin that better fits your household's waste volume.,A larger bin means higher waste fees. Confirm you need the upgrade before requesting the change.,https://www.toronto.ca/city-government/accountability-operations-customer-service/city-administration/staff-directory-divisions-and-customer-service/solid-waste-management-services/solid-waste-management-services-customer-service-standards/,Repair / Action: completed within ~14 days
Residential: Garbage Bin: Exchange To Extra Large,Collections,21670,0,0,Request a swap of your current garbage bin for an extra-large bin to accommodate a larger household waste volume.,Extra-large bins come with higher waste fees. Confirm the upgrade is necessary before requesting.,https://www.toronto.ca/city-government/accountability-operations-customer-service/city-administration/staff-directory-divisions-and-customer-service/solid-waste-management-services/solid-waste-management-services-customer-service-standards/,Repair / Action: completed within ~14 days
Residential: Bin: Wrong Delivery Or Bin Return,Collections,23776,7,0.03,"Report that a City waste bin was delivered to the wrong address, or that your bin was not returned to its proper location after collection.",Check surrounding properties as bins are sometimes misplaced by collectors and may be a few doors down.,https://www.toronto.ca/city-government/accountability-operations-customer-service/city-administration/staff-directory-divisions-and-customer-service/solid-waste-management-services/solid-waste-management-services-customer-service-standards/,Repair / Action: resolved within ~14 days
Residential Furniture / Not Picked Up,Collections,105387,108,0.1,Report large furniture items left at the curb that were missed during scheduled bulky item collection. Use this the day after your scheduled pickup.,Ensure furniture is placed at the curb by 7 AM on your collection day to avoid a missed pickup.,https://www.toronto.ca/city-government/accountability-operations-customer-service/city-administration/staff-directory-divisions-and-customer-service/solid-waste-management-services/solid-waste-management-services-customer-service-standards/,Repair / Action: resolved within ~24 hours (if request created between Tues-Fri)
Residential Bin Wheel Damaged,Collections,19810,0,0,Report a City-issued garbage bin with a broken or missing wheel that makes it difficult to move to the curb.,Note your bin serial number (on the side) when filing to speed up the service.,https://www.toronto.ca/city-government/accountability-operations-customer-service/city-administration/staff-directory-divisions-and-customer-service/solid-waste-management-services/solid-waste-management-services-customer-service-standards/,Repair / Action: repaired or replaced within ~7 days
Residential Bin Lid Damaged,Collections,166419,1,0,Report a cracked or broken lid on your City-issued garbage bin. Use this if the lid no longer closes properly or is missing entirely.,Note your bin serial number (printed on the side) when filing to speed up the replacement.,https://www.toronto.ca/city-government/accountability-operations-customer-service/city-administration/staff-directory-divisions-and-customer-service/solid-waste-management-services/solid-waste-management-services-customer-service-standards/,Repair / Action: resolved within ~7 days
Residential Bin Body Or Handle Damaged,Collections,90726,1,0,"Report a cracked, broken, or structurally damaged garbage bin body or handle that makes the bin unusable or unsafe to move.",Do not place the damaged bin out for collection until it has been replaced as it may not be emptied.,https://www.toronto.ca/city-government/accountability-operations-customer-service/city-administration/staff-directory-divisions-and-customer-service/solid-waste-management-services/solid-waste-management-services-customer-service-standards/,Repair / Action: resolved within ~7 days
Residential / Yard Waste / Not Picked Up,Collections,39034,26,0.07,"Report that your yard waste (leaves, grass clippings, branches) was not collected on your scheduled pickup day.",Yard waste must be in paper bags or City-approved containers; loose piles may be skipped by collectors.,https://www.toronto.ca/city-government/accountability-operations-customer-service/city-administration/staff-directory-divisions-and-customer-service/solid-waste-management-services/solid-waste-management-services-customer-service-standards/,Repair / Action: resolved within ~24 hours (if request created between Tues-Fri)
Res / Yard Waste Multiple Addresses / Not Picked Up,Collections,13290,76,0.57,Report a missed yard waste collection affecting multiple residential addresses on the same street or route.,List all affected addresses in your report to avoid each household filing separately.,https://www.toronto.ca/city-government/accountability-operations-customer-service/city-administration/staff-directory-divisions-and-customer-service/solid-waste-management-services/solid-waste-management-services-customer-service-standards/,Repair / Action: resolved within ~24 hours (if request created between Tues-Fri)
Res / Recycle / Not Picked Up,Collections,86273,48,0.06,Report that your blue recycling bin was not collected on your scheduled pickup day.,Ensure recyclables are sorted correctly as contaminated bins may be intentionally left behind.,https://www.toronto.ca/city-government/accountability-operations-customer-service/city-administration/staff-directory-divisions-and-customer-service/solid-waste-management-services/solid-waste-management-services-customer-service-standards/,Repair / Action: resolved within ~24 hours (if request created between Tues-Fri)
Res / Recycle / Multiple Addresses / Not Picked Up,Collections,12161,58,0.48,Report a missed recycling collection affecting multiple addresses on the same street or collection route.,List all affected addresses in one report rather than filing separately for each.,https://www.toronto.ca/city-government/accountability-operations-customer-service/city-administration/staff-directory-divisions-and-customer-service/solid-waste-management-services/solid-waste-management-services-customer-service-standards/,Repair / Action: resolved within ~24 hours (if request created between Tues-Fri)
Res / Organic Green Bin / Not Picked Up,Collections,84352,51,0.06,Report that your green organics bin was not emptied on your scheduled collection day.,Line your bin with a compostable bag to reduce odour and make cleanup easier between pickups.,https://www.toronto.ca/city-government/accountability-operations-customer-service/city-administration/staff-directory-divisions-and-customer-service/solid-waste-management-services/solid-waste-management-services-customer-service-standards/,Repair / Action: resolved within ~24 hours (if request created between Tues-Fri)
Res / Organic Green Bin / Multiple Addresses / Not Picked Up,Collections,19129,87,0.45,Report a missed green organics collection affecting multiple residential addresses on the same street or route.,Filing a single report for multiple addresses is more efficient;  list all affected addresses in the notes.,https://www.toronto.ca/city-government/accountability-operations-customer-service/city-administration/staff-directory-divisions-and-customer-service/solid-waste-management-services/solid-waste-management-services-customer-service-standards/,Repair / Action: resolved within ~24 hours (if request created between Tues-Fri)
Res / Garbage / Not Picked Up,Collections,99370,100,0.1,Report that your residential garbage was not collected on your scheduled pickup day. Use this if your bin was at the curb on time and the truck passed without collecting it.,Place your bin at the curb by 7 AM. Reports filed Monday or over the weekend will enter the queue and will be resolved from the following Tuesday,https://www.toronto.ca/city-government/accountability-operations-customer-service/city-administration/staff-directory-divisions-and-customer-service/solid-waste-management-services/solid-waste-management-services-customer-service-standards/,Repair / Action: resolved within ~24 hours (if request created between Tues-Fri)
Res / Garbage / Multiple Addresses Not Picked Up,Collections,10909,76,0.7,Report a missed garbage collection affecting multiple addresses on the same street or collection route.,A single report covering multiple addresses is processed more efficiently than individual submissions.,https://www.toronto.ca/city-government/accountability-operations-customer-service/city-administration/staff-directory-divisions-and-customer-service/solid-waste-management-services/solid-waste-management-services-customer-service-standards/,Repair / Action: resolved within ~24 hours (if request created between Tues-Fri)
Request Water Service Turn On,District Ops,33373,24,0.07,Request Toronto Water to restore the water supply to your property after it has been shut off.,Ensure all indoor taps are closed before the water is turned back on to prevent accidental flooding.,https://www.toronto.ca/city-government/accountability-operations-customer-service/city-administration/staff-directory-divisions-and-customer-service/toronto-water/toronto-water-customer-service-standards/,Repair / Action: service restored within ~8 hours
Request Water Service Turn Off,District Ops,49392,29,0.06,"Request Toronto Water to shut off the water supply to your property, typically for plumbing repairs or renovations.",Coordinate with your plumber before filing so work can begin immediately after the shutoff.,https://www.toronto.ca/city-government/accountability-operations-customer-service/city-administration/staff-directory-divisions-and-customer-service/toronto-water/toronto-water-customer-service-standards/,Repair / Action: service completed within ~8 hours
Report An Encroachment On City Property,Right of Way (ROW),48388,2885,5.96,"Report a structure, fence, landscaping, or other private installation that appears to extend onto City-owned land or the road allowance.","Include photos if possible, along with the civic address and a description of what is encroaching.",https://www.toronto.ca/home/311-toronto-at-your-service/find-service-information/article/?kb=kA06g000001cvVsCAI&searchTerm=Report%20An%20Encroachment%20On%20City%20Property,Timeline Not Specified
Replace Missing Residential Organic Bin,Collections,53062,5,0.01,Request a replacement for a lost or stolen green organic bin at your residential property.,Use a compostable bag in a temporary container until your new bin arrives.,https://www.toronto.ca/city-government/accountability-operations-customer-service/city-administration/staff-directory-divisions-and-customer-service/solid-waste-management-services/solid-waste-management-services-customer-service-standards/,Repair / Action: delivered within ~14 days
Registration Toronto Water,Operations,18348,14,0.08,"Register your property with Toronto Water for new water service, or update your account information for billing and service purposes.",Have your property address and ownership documents ready when completing the registration.,https://www.toronto.ca/home/311-toronto-at-your-service/,Timeline Not Specified
Publication Request Solid Waste,Operations,57905,34,0.06,"Request printed materials from Solid Waste Management, such as collection calendars, recycling guides, or waste diversion information.",Most materials are also available online at toronto.ca. The digital version is often more current.,https://www.toronto.ca/home/311-toronto-at-your-service/find-service-information/article/?kb=kA06g000001cwdJCAQ&searchTerm=Publication%20Request%20Solid%20Waste,Timeline Not Specified
Property Standards And Maintenance Violations,Investigation Services,166539,1185,0.71,"Report a property that appears to violate City maintenance or safety standards, such as structural disrepair, unsafe conditions, or bylaw breaches.",Include the full property address and a clear description of the issue to help officers prioritize the inspection.,https://www.toronto.ca/home/311-toronto-at-your-service/find-service-information/article/?kb=kA06g000001cvXDCAY&searchTerm=Property%20Standards%20And%20Maintenance%20Violations,"Initial Response: ~24 hours (urgent) or ~5–10 days
Repair / Action: Investigation & enforcement process"
Postering City Property / Structures,Waste Enforcement,9962,2076,20.84,"Report illegal postering on City property or structures such as traffic poles, transit shelters, or other public infrastructure. Community notices (lost pets, yard sales, cultural or religious events) are permitted on utility poles only — all other postering must be on designated City kiosks or message boards.",Include a photo and the exact location (street address or nearest intersection) of the illegal posting to help enforcement officers locate and remove it quickly.,https://www.toronto.ca/city-government/public-notices-bylaws/bylaw-enforcement/graffiti-postering-signs/,"Initial Response: 24 hours to 10 days depending on priority
Repair / Action: removal scheduled"
Pick Up Dead Wildlife,Toronto Animal Services,160770,20251,12.6,"Request collection of a dead wild animal (raccoon, fox, bird, etc.) from a public road, sidewalk, or City property.",Do not touch or move the animal and report the exact location including nearest cross street.,https://www.toronto.ca/home/311-toronto-at-your-service/find-service-information/article/?kb=kA06g000001cwFLCAY&searchTerm=pick%20up%20dead%20wildlife,"Initial Response: ~5 days
Restoration / Completion: up to ~2 weeks"
Pick Up Dead Domestic Animal,Toronto Animal Services,15912,1665,10.46,"Request collection of a deceased dog, cat, or other domestic animal from a City street or public property.",Do not move the animal. Provide the exact address or nearest intersection when filing.,https://www.toronto.ca/home/311-toronto-at-your-service/find-service-information/article/?kb=kA06g000001cwFLCAY&searchTerm=pick%20up%20dead%20wildlife,"Initial Response: ~5 days
Restoration / Completion: up to ~2 weeks"
Park Use,Parks Enforcement,10297,1449,14.07,"Report a concern or violation related to the use of a City park, such as prohibited activities, after-hours use, or misuse of park facilities.",Parks Enforcement officers patrol regularly. Filing a report helps them prioritize specific areas.,https://www.toronto.ca/home/311-toronto-at-your-service/find-service-information/article/?kb=kA06g000001cvWvCAI&searchTerm=park%20use,Timeline Not Specified
Outcome Of Service Complaint Road Operations,Road Operations,21464,2059,9.59,File a follow-up complaint if you are unsatisfied with the outcome or resolution of a previous Road Operations service request.,Include your original service request number to help staff locate your case quickly.,https://www.toronto.ca/city-government/accountability-operations-customer-service/city-administration/staff-directory-divisions-and-customer-service/transportation-services/transportation-services-complaints-compliments/,Repair / Action: reviewed within ~30 days; 
Multi Res / Garbage Front End / Not Picked Up,Collections,15170,6,0.04,Report a missed garbage collection for a front-end (dumpster) service at a multi-residential building.,Notify your property manager. They may need to coordinate access or scheduling with the contractor.,https://www.toronto.ca/city-government/accountability-operations-customer-service/city-administration/staff-directory-divisions-and-customer-service/solid-waste-management-services/solid-waste-management-services-customer-service-standards/,Repair / Action: resolved within ~24 hours (if request created between Tues-Fri)
Multi Res / Furniture Pile / Not Picked Up,Collections,16805,24,0.14,Report bulky furniture left at the curb for collection at a multi-residential property that was not picked up as scheduled.,Coordinate with your property manager to ensure furniture is placed at the right location for collection.,https://www.toronto.ca/city-government/accountability-operations-customer-service/city-administration/staff-directory-divisions-and-customer-service/solid-waste-management-services/solid-waste-management-services-customer-service-standards/,Repair / Action: resolved within ~24 hours (if request created between Tues-Fri)
Missing / Damaged Street Or Traffic Signs,TMC,60307,13042,21.63,"Report a street name sign, stop sign, or other traffic sign that is missing, vandalized, or damaged and needs replacement.",Note the exact intersection and which sign is affected to help crews locate and replace it efficiently.,https://www.toronto.ca/home/311-toronto-at-your-service/find-service-information/article/?kb=kA06g000001cveCCAQ&searchTerm=Missing%20\/\/%20Damaged%20Street%20Or%20Traffic%20Signs,Timeline Not Specified
Maintenance Holes Lid Loose / Missing,Road Operations,8572,2963,34.57,"Report a maintenance hole (manhole) cover that is loose, missing, damaged, blocked, or creating a flooding or safety hazard for pedestrians, cyclists, or vehicles.","If the cover is completely missing or poses an immediate danger, call 311 directly rather than filing online — it can be flagged as an emergency hazard for same-day response.",https://www.toronto.ca/city-government/accountability-operations-customer-service/city-administration/staff-directory-divisions-and-customer-service/transportation-services/transportation-services-customer-service-standards/,"Initial Response: within ~24–72 hours depending on hazard
Repair / Action: scheduled repair
Restoration / Completion: may extend for structural work"
Long Grass And Prohibited Plants On Private Property,Investigation Services,58713,477,0.81,"Report a private property with grass or weeds exceeding the City's 20 cm height limit, or prohibited invasive plants.",Include the full address and a brief description of the vegetation to help officers assess the complaint.,https://www.toronto.ca/city-government/accountability-operations-customer-service/city-administration/staff-directory-divisions-and-customer-service/municipal-licensing-standards/municipal-licensing-standards-customer-service-standards/,Initial Response: within ~10 days
Litter / Bin / Overflow Or Not Picked Up,Collections,25932,7113,27.43,"Report an overflowing public litter bin that has not been emptied, or a litter collection that was missed during scheduled service.",Overflowing bins near parks or transit stops can be flagged as urgent when filing.,https://www.toronto.ca/city-government/accountability-operations-customer-service/city-administration/staff-directory-divisions-and-customer-service/solid-waste-management-services/solid-waste-management-services-customer-service-standards/,Repair / Action: resolved within ~24 hours (if request created between Tues-Fri)
Investigate Regulatory Signs,Traffic Ops,9818,2972,30.27,"Request an investigation into a missing, damaged, incorrectly placed, or ineffective regulatory sign — including stop signs, yield signs, turn prohibitions, speed limits, no parking/stopping signs, accessible parking zones, lane designations, pedestrian crossover signs, and community safety zone markers.","Note the exact intersection, the direction the sign faces, and the type of sign when filing — this significantly speeds up the investigation",https://www.toronto.ca/home/311-toronto-at-your-service/find-service-information/article/?kb=kA06g000001cw2zCAA&searchTerm=regulatory%20signs,Repair / Action: investigation within ~270 days
Investigate Animal Care,Toronto Animal Services,9499,128,1.35,"Report an animal welfare concern such as a pet left without adequate shelter, on a short tether, in unsanitary conditions, or where the owner has too many animals. Also covers urgent situations where a pet owner has been hospitalized, incarcerated, or evicted and their animal requires immediate protective care.","Provide as much detail as possible including the owner's address, type of animal, and nature of the concern — without an owner address, officers may not be able to act",https://www.toronto.ca/city-government/accountability-operations-customer-service/city-administration/staff-directory-divisions-and-customer-service/municipal-licensing-standards/municipal-licensing-standards-customer-service-standards/,Initial Response: ~5 hours (urgent) or ~5 days (non-urgent)
Injured Wildlife,Toronto Animal Services,149081,8349,5.6,"Report a wild animal that appears injured, sick, or trapped and requires assistance from Toronto Animal Services.",Keep people and pets away from the animal. Do not attempt to handle it yourself.,https://www.toronto.ca/home/311-toronto-at-your-service/find-service-information/article/?kb=kA06g000001cwebCAA&searchTerm=injured%20wildlife,Initial Response: ~2 hours
Injured Domestic,Toronto Animal Services,12839,609,4.74,"Report an injured dog, cat, or other domestic animal in a public area that requires urgent care from Animal Services.",Keep people and other animals away from the injured animal until the officer arrives.,https://www.toronto.ca/home/311-toronto-at-your-service/find-service-information/article/?kb=kA06g000001cwebCAA&searchTerm=injured%20wildlife,Initial Response: ~2 hours
Illegal Snow Dumping & Failure To Clear Snow Or Ice On Public Sidewalk,Right of Way (ROW),27396,510,1.86,"Report snow being illegally dumped onto a City sidewalk, or a property owner who has failed to clear the adjacent sidewalk as required by bylaw.",Property owners must clear adjacent sidewalks within 12 hours after a snowfall ends. This is a bylaw obligation.,https://www.toronto.ca/city-government/accountability-operations-customer-service/city-administration/staff-directory-divisions-and-customer-service/transportation-services/transportation-services-customer-service-standards/,Initial Response: within ~5 business days
Illegal Off Street Parking,Right of Way (ROW),9333,592,6.34,"Report a vehicle or structure in violation of off-street parking regulations on City property — including front yard parking, boulevard parking, or use of a City street allowance without a valid permit","If reporting a vehicle on private property (common in Scarborough, North York, and Etobicoke), check whether a permit is in place before filing — licensed locations are listed on the City's website.",https://www.toronto.ca/city-government/public-notices-bylaws/bylaw-enforcement/,Timeline Not Specified
Icy Sidewalk Needs Salting,Road Operations,18154,4330,23.85,Report an icy City-maintained sidewalk that requires salting or sanding to make it safe for pedestrians.,Wear appropriate footwear and take alternate routes until the sidewalk has been treated.,https://www.toronto.ca/services-payments/streets-parking-transportation/road-maintenance/winter-maintenance/clearing-snow-and-ice-from-your-property/,Initial Response: ~12–72 hours
Hazardous Waste Pick Up,Collections,70699,2,0,"Schedule collection of household hazardous waste such as paint, chemicals, batteries, or electronics that cannot go in regular garbage.","Package hazardous materials in sealed, labeled containers before your pickup date.",https://www.toronto.ca/home/311-toronto-at-your-service/find-service-information/article/?kb=kA06g000001cvjMCAQ&searchTerm=Hazardous%20Waste%20Pick%20Up,Repair / Action: collected within ~24 hours of scheduled date
Graffiti,Investigation Services,16218,3,0.02,"Report graffiti on City-owned property, infrastructure, or public spaces that needs to be removed.",Photograph the graffiti and note the location clearly as this helps crews prioritize and locate it efficiently.,https://www.toronto.ca/city-government/public-notices-bylaws/bylaw-enforcement/graffiti-postering-signs/,Repair / Action: removal within ~10 days
General Tree Maintenance,Climate & Forestry,22250,425,1.91,"Request general maintenance for a City-owned street tree, including inspection, cable bracing, or minor structural work.",Requests filed in summer take longer as crews focus on emergencies during the peak growing season.,https://www.toronto.ca/city-government/accountability-operations-customer-service/city-administration/staff-directory-divisions-and-customer-service/environment-climate-forestry/environment-climate-forestry-customer-service-standards/,"Initial Response: ~8 weeks
Repair / Action: up to ~6 months"
General Pruning,Climate & Forestry,176857,3758,2.12,"Request pruning of a City-owned street tree to remove dead branches, improve clearance, or maintain healthy growth.",Timeframes Longer if request filed between June and September,https://www.toronto.ca/city-government/accountability-operations-customer-service/city-administration/staff-directory-divisions-and-customer-service/environment-climate-forestry/environment-climate-forestry-customer-service-standards/,"Initial Response: ~8 weeks
Repair / Action: up to ~6 months"
Driveway Blocked By Plowed Snowbank,Road Operations,30268,279,0.92,Request removal of a snow windrow blocking your residential driveway that was created by City snow plowing operations.,Main roads and transit routes are plowed first. Local residential streets may take longer.Multiple rounds might be needed (values provided for one round).,https://www.toronto.ca/services-payments/streets-parking-transportation/road-maintenance/winter-maintenance/levels-of-snow-clearing-service/,Repair / Action: cleared within ~14 hours (once snowfall stops)
Dangerous Private Tree Investigation,Climate & Forestry,15044,96,0.64,"Request an investigation into a privately owned tree that appears dead, diseased, or structurally unsound and may pose a risk to people or property.",The City can order property owners to remove dangerous trees. Inspectors will assess the risk level.,https://www.toronto.ca/city-government/accountability-operations-customer-service/city-administration/staff-directory-divisions-and-customer-service/environment-climate-forestry/environment-climate-forestry-customer-service-standards/,"Initial Response: ~72 hours
Restoration / Completion: up to ~12 months"
Damaged Concrete Sidewalk,Road Operations,37971,2687,7.08,"Report a cracked, heaved, or broken concrete sidewalk panel that is a tripping hazard or makes the sidewalk unusable.",Temporary hazard marking may be placed while the repair is queued. The full fix can take time due to volume.,https://www.toronto.ca/city-government/accountability-operations-customer-service/city-administration/staff-directory-divisions-and-customer-service/transportation-services/transportation-services-customer-service-standards/,"Initial Response: ~5 business days
Restoration / Completion: may extend up to years"
Curb Day Collection Staff Complaint Solid Waste Management,Collections,21635,1010,4.67,File a complaint about the behaviour or conduct of a Solid Waste Management staff member during a curbside collection visit.,"Provide the date, time, and location of the incident along with a clear description when filing.",https://www.toronto.ca/city-government/accountability-operations-customer-service/city-administration/staff-directory-divisions-and-customer-service/solid-waste-management-services/solid-waste-management-services-complaints-compliments/,Repair / Action: reviewed within ~30 days
Curb Day Collection Complaint Solid Waste Management,Collections,32876,106,0.32,"File a complaint about the quality, conduct, or outcome of a curbside collection service such as bins not returned properly, missed stops, or unprofessional behaviour.","Note the date of collection, your address, and a description of the issue when filing.",https://www.toronto.ca/city-government/accountability-operations-customer-service/city-administration/staff-directory-divisions-and-customer-service/solid-waste-management-services/solid-waste-management-services-complaints-compliments/,Repair / Action: reviewed within ~30 days
Contractor Complaint,Road Operations,11221,2755,24.55,"File a complaint about a City-hired contractor doing road or infrastructure work â€” for example, poor workmanship, improper site conditions, or failure to follow standards.",Note the permit number or work order if visible on posted site signage to speed up the investigation.,https://www.toronto.ca/city-government/accountability-operations-customer-service/city-administration/staff-directory-divisions-and-customer-service/transportation-services/transportation-services-customer-service-standards/,Repair / Action: reviewed within ~5 business days
Construction Noise,Bylaw Enforcement,17723,1939,10.94,Report excessive or after-hours noise from a nearby construction site that violates the City's noise bylaws.,Construction is permitted Mon-Fri 7 AM-7 PM and Sat 9 AM-7 PM; work outside these hours may be in violation.,https://www.toronto.ca/city-government/accountability-operations-customer-service/city-administration/staff-directory-divisions-and-customer-service/municipal-licensing-standards/municipal-licensing-standards-customer-service-standards/,Initial Response: ~5 days
Clean Up Needles Or Syringes,Litter Operations,7036,2264,32.18,"Request the City to pick up improperly discarded needles, syringes, or other sharps found on City property — including roads, sidewalks, boulevards, laneways, and City parks. Do not touch or attempt to remove sharps yourself.","Note the exact location (address and nearest intersection) when filing and indicate whether it is on a sidewalk, boulevard, laneway, or in a park.",https://www.toronto.ca/home/311-toronto-at-your-service/find-service-information/article/?kb=kA06g000001cvsGCAQ&searchTerm=Clean%20Up%20Needles%20Or%20Syringes,Timeline Not Specified
Clean Up Litter On Sidewalks And Boulevards,Collections,32520,6612,20.33,"Request cleanup of litter, and human waste accumulated on City sidewalks or boulevards that has not been addressed through regular maintenance.","For large amounts of litter in a park or public space, use the appropriate parks or waste enforcement request instead.",https://www.toronto.ca/city-government/accountability-operations-customer-service/city-administration/staff-directory-divisions-and-customer-service/solid-waste-management-services/solid-waste-management-services-customer-service-standards/,Repair / Action: cleaned within ~3 days
Clean Up Litter On Laneways,Collections,12356,1181,9.56,Request cleanup of accumulated litter in a City laneway that has not been addressed through regular operations.,Include the laneway name or bounding streets to help crews identify the correct location.,https://www.toronto.ca/city-government/accountability-operations-customer-service/city-administration/staff-directory-divisions-and-customer-service/solid-waste-management-services/solid-waste-management-services-customer-service-standards/,Repair / Action: cleaned within ~3 days
Clean Up Illegal Dumping On City Road Allowance,Collections,38407,6712,17.48,"Report illegally dumped garbage or materials in the City road allowance, the public strip of land between private property and the road.",Provide the nearest civic address or intersection to help crews locate the dumping quickly.,https://www.toronto.ca/city-government/accountability-operations-customer-service/city-administration/staff-directory-divisions-and-customer-service/solid-waste-management-services/solid-waste-management-services-customer-service-standards/,Repair / Action: cleaned within ~3 days
Clean Up Debris On Road,Road Operations,67476,17046,25.26,"Report debris such as wood, glass, furniture, or fallen materials on a City road that poses a hazard to drivers or cyclists.","For immediate traffic hazards, also call 311 directly so the issue can be flagged as urgent.",https://www.toronto.ca/home/311-toronto-at-your-service/find-service-information/article/?kb=kA06g000001cweUCAQ&searchTerm=road%20cleaning,Repair / Action: resolved within ~4 weeks; 
Catch Basin Blocked / Flooding,Road Operations,31735,3598,11.34,Report a catch basin (storm drain) that is blocked by debris and causing water to pool on the road or sidewalk.,Do not attempt to clear the catch basin yourself. Report the location and note any flooding extent.,https://www.toronto.ca/home/311-toronto-at-your-service/find-service-information/article/?kb=kA06g000001cvZGCAY&searchTerm=catch%20basin%20flood,Timeline Not Specified
Boulevards Grass Cutting,Road Operations,8726,2800,32.09,"Report a boulevard, City right-of-way, or hydro corridor section where grass or weeds have grown excessively and require cutting. The City contracts vendors to perform up to 7 scheduled grass cuts per year between May and November, with cuts spaced roughly 3 weeks apart.","If the overgrowth is creating a visibility or safety hazard (e.g. blocking a sightline at an intersection), note that when filing — it may be flagged for priority attention outside the regular schedule.",https://www.toronto.ca/home/311-toronto-at-your-service/find-service-information/article/?kb=kA06g000001cvhBCAQ&searchTerm=Boulevards%20Grass%20Cutting,Repair / Action: scheduled within ~3-week cycle; 
Boulevards Damaged Asphalt,Road Operations,23172,731,3.15,Report damaged or deteriorated asphalt on a City boulevard (the paved area between the road and sidewalk).,"Note the street address and which direction the damage is on (north, south, etc.) for faster dispatch.",https://www.toronto.ca/home/311-toronto-at-your-service/find-service-information/article/?kb=kA06g000001cvTwCAI&searchTerm=Boulevard%20Plow%20Damage,Timeline Not Specified
Boulevard Plow Damage,Road Operations,22310,385,1.73,"Report damage to a City boulevard caused by a snow plow, such as damaged grass, landscaping, or sod.",Boulevard restoration after winter damage is typically addressed in the spring season.,https://www.toronto.ca/home/311-toronto-at-your-service/find-service-information/article/?kb=kA06g000001cvTwCAI&searchTerm=Boulevard%20Plow%20Damage,Timeline Not Specified
Bins Complaint Solid Waste Management,Collections,12268,4,0.03,"File a general complaint about City-issued waste bins such as a bin being placed at the wrong property, bin quality issues, or service concerns not covered by other categories.","Include your civic address, bin type, and a clear description of the issue to help staff investigate.",https://www.toronto.ca/city-government/accountability-operations-customer-service/city-administration/staff-directory-divisions-and-customer-service/solid-waste-management-services/solid-waste-management-services-customer-service-standards/,Repair / Action: reviewed within ~30 days
Bin Investigation Request,Collections,40538,177,0.44,"Request an investigation into a service issue related to your City-issued waste bins, such as an incorrect bin being assigned to your property or a billing dispute.",Have your civic address and bin serial number ready to help staff locate your account.,https://www.toronto.ca/city-government/accountability-operations-customer-service/city-administration/staff-directory-divisions-and-customer-service/solid-waste-management-services/solid-waste-management-services-customer-service-standards/,Repair / Action: investigation within ~21 days; 
Animal Noise,Toronto Animal Services,18440,60,0.33,"Report persistent or excessive noise from an animal, such as a dog barking continuously, that is causing a disturbance.","Try to provide the owner's address. Without that information, bylaw officers cannot take action.",https://www.toronto.ca/home/311-toronto-at-your-service/find-service-information/article/?kb=kA06g000001cvV8CAI&searchTerm=animal,Initial Response: ~5 days
Amplified Or Musical Instrument Noise,Bylaw Enforcement,35648,2153,6.04,"Report excessive noise from amplified music or musical instruments coming from a residence, venue, or outdoor space.","Note the time, date, address, and type of noise to help bylaw officers verify the complaint.",https://www.toronto.ca/city-government/accountability-operations-customer-service/city-administration/staff-directory-divisions-and-customer-service/municipal-licensing-standards/municipal-licensing-standards-customer-service-standards/,Initial Response: ~5 days
Adequate Heat,Investigation Services,20182,20,0.1,Report a landlord or property owner who is failing to maintain adequate indoor heat in a rental unit as required by City standards.,Landlords must maintain a minimum indoor temperature of 21°C during the heating season.,https://www.toronto.ca/city-government/accountability-operations-customer-service/city-administration/staff-directory-divisions-and-customer-service/municipal-licensing-standards/municipal-licensing-standards-customer-service-standards/,Initial Response: 24 hours to 5 days
Additional Residential Organic Bin,Collections,30473,36,0.12,Request an extra green organic bin for your household if your current bin is not sufficient for your food waste volume.,Additional bins may incur a fee depending on your current waste service tier.,https://www.toronto.ca/city-government/accountability-operations-customer-service/city-administration/staff-directory-divisions-and-customer-service/solid-waste-management-services/solid-waste-management-services-customer-service-standards/,Repair / Action: delivered within ~14 days; 
